<?xml version="1.0" encoding="UTF-8"?><typeSystemDescription xmlns="http://uima.apache.org/resourceSpecifier">

	<!--
	 ***************************************************************
	 * Licensed to the Apache Software Foundation (ASF) under one
	 * or more contributor license agreements.  See the NOTICE file
	 * distributed with this work for additional information
	 * regarding copyright ownership.  The ASF licenses this file
	 * to you under the Apache License, Version 2.0 (the
	 * "License"); you may not use this file except in compliance
	 * with the License.  You may obtain a copy of the License at
         *
	 *   http://www.apache.org/licenses/LICENSE-2.0
	 * 
	 * Unless required by applicable law or agreed to in writing,
	 * software distributed under the License is distributed on an
	 * "AS IS" BASIS, WITHOUT WARRANTIES OR CONDITIONS OF ANY
	 * KIND, either express or implied.  See the License for the
	 * specific language governing permissions and limitations
	 * under the License.
	 ***************************************************************
   -->

  <!-- DEPRECATED - 2.0.0 - renamed as org/apache/uima/ducc/FlowControllerTS.xml  -->
   
  <name>Ducc Job Text Processing Control Types [String]</name>
  <description>Type for communication between CR and Job components CM, AE and CC</description>
  <version>1.0</version>
  <vendor>Apache UIMA</vendor>
  <types>
    <typeDescription>
      <name>org.apache.uima.ducc.Workitem</name>
      <description/>
      <supertypeName>uima.cas.TOP</supertypeName>
      <features>
        <featureDescription>
          <name>sendToLast</name>
          <description/>
          <rangeTypeName>uima.cas.Boolean</rangeTypeName>
        </featureDescription>
        <featureDescription>
          <name>sendToAll</name>
          <description/>
          <rangeTypeName>uima.cas.Boolean</rangeTypeName>
        </featureDescription>
        <featureDescription>
          <name>inputspec</name>
          <description/>
          <rangeTypeName>uima.cas.String</rangeTypeName>
        </featureDescription>
        <featureDescription>
          <name>outputspec</name>
          <description/>
          <rangeTypeName>uima.cas.String</rangeTypeName>
        </featureDescription>
        <featureDescription>
          <name>encoding</name>
          <description>Optional parameter to use when converting input files into Java characters</description>
          <rangeTypeName>uima.cas.String</rangeTypeName>
        </featureDescription>
        <featureDescription>
          <name>language</name>
          <description>Optional parameter to specify the text language</description>
          <rangeTypeName>uima.cas.String</rangeTypeName>
        </featureDescription>
        <featureDescription>
          <name>bytelength</name>
          <description>Length in bytes of work item</description>
          <rangeTypeName>uima.cas.Integer</rangeTypeName>
        </featureDescription>
        <featureDescription>
          <name>blockindex</name>
          <description>Optional parameter to specify block sequence number for input file</description>
          <rangeTypeName>uima.cas.Integer</rangeTypeName>
        </featureDescription>
        <featureDescription>
          <name>blocksize</name>
          <description>Optional parameter to specify block size</description>
          <rangeTypeName>uima.cas.Integer</rangeTypeName>
        </featureDescription>
        <featureDescription>
          <name>lastBlock</name>
          <description>Optional parameter to specify this is last chunk for work item</description>
          <rangeTypeName>uima.cas.Boolean</rangeTypeName>
        </featureDescription>
      </features>
    </typeDescription>
  </types>
</typeSystemDescription>
