<?xml version="1.0" encoding="UTF-8"?>
<!--
  Licensed to the Apache Software Foundation (ASF) under one
  or more contributor license agreements.  See the NOTICE file
  distributed with this work for additional information
  regarding copyright ownership.  The ASF licenses this file
  to you under the Apache License, Version 2.0 (the
  "License"); you may not use this file except in compliance
  with the License.  You may obtain a copy of the License at
  
       http://www.apache.org/licenses/LICENSE-2.0
  
  Unless required by applicable law or agreed to in writing,
  software distributed under the License is distributed on an
  "AS IS" BASIS, WITHOUT WARRANTIES OR CONDITIONS OF ANY
  KIND, either express or implied.  See the License for the
  specific language governing permissions and limitations
  under the License.
-->
<flowControllerDescription xmlns="http://uima.apache.org/resourceSpecifier">
  <frameworkImplementation>org.apache.uima.java</frameworkImplementation>
  <implementationName>org.apache.uima.ducc.FlowController</implementationName>
  <processingResourceMetaData>
    <name>DUCC Job Flow Controller</name>
    <description>Ducc FlowController for Job Processes assembled from user components. If WI-Cas is sent to initial CM, it is then dropped. All other parent CASes continue thru the flow.</description>
    <version>1.0</version>
    <vendor>Apache UIMA</vendor>
    <configurationParameters/>
    <configurationParameterSettings/>
    <typeSystemDescription>
      <imports>
        <import location="FlowControllerTS.xml"/>
      </imports>
    </typeSystemDescription>
    <capabilities>
      <capability>
        <inputs/>
        <outputs/>
	  </capability>	  
    </capabilities>
  </processingResourceMetaData>
</flowControllerDescription>
